[
  {
    "parentEntity": "idb:ac_field_def",
    "childEntity": "idb:ac_field",
    "roleToParent": "ac_field_def",
    "roleToChild": "ac_field_List",
    "deleteRule": "No Action",
    "updateRule": "No Action",
    "parentColumns": [
      "ident"
    ],
    "childColumns": [
      "field_ident"
    ]
  },
  {
    "parentEntity": "idb:ac_object",
    "childEntity": "idb:ac_action",
    "roleToParent": "ac_object",
    "roleToChild": "ac_action_List",
    "deleteRule": "Cascade",
    "updateRule": "No Action",
    "parentColumns": [
      "ident"
    ],
    "childColumns": [
      "ac_object_ident"
    ]
  },
  {
    "parentEntity": "idb:ac_object",
    "childEntity": "idb:ac_field",
    "roleToParent": "ac_object",
    "roleToChild": "ac_field_List",
    "deleteRule": "Cascade",
    "updateRule": "No Action",
    "parentColumns": [
      "ident"
    ],
    "childColumns": [
      "ac_object_ident"
    ]
  },
  {
    "parentEntity": "idb:ac_system",
    "childEntity": "idb:ac_field_def",
    "roleToParent": "ac_system",
    "roleToChild": "ac_field_def_List",
    "deleteRule": "No Action",
    "updateRule": "No Action",
    "parentColumns": [
      "ident"
    ],
    "childColumns": [
      "system_ident"
    ]
  },
  {
    "parentEntity": "idb:ac_system",
    "childEntity": "idb:ac_object",
    "roleToParent": "ac_system",
    "roleToChild": "ac_object_List",
    "deleteRule": "No Action",
    "updateRule": "No Action",
    "parentColumns": [
      "ident"
    ],
    "childColumns": [
      "system_ident"
    ]
  },
  {
    "parentEntity": "idb:api_def",
    "childEntity": "idb:catalyst",
    "roleToParent": "api_def",
    "roleToChild": "catalyst_List",
    "deleteRule": "No Action",
    "updateRule": "No Action",
    "parentColumns": [
      "ident"
    ],
    "childColumns": [
      "source_api_def_ident"
    ]
  },
  {
    "parentEntity": "idb:api_def",
    "childEntity": "idb:cfg_obj",
    "roleToParent": "api_def_via_source_api_def_ident",
    "roleToChild": "cfg_obj_List_via_source_api_def_ident",
    "deleteRule": "No Action",
    "updateRule": "No Action",
    "parentColumns": [
      "ident"
    ],
    "childColumns": [
      "source_api_def_ident"
    ]
  },
  {
    "parentEntity": "idb:api_def",
    "childEntity": "idb:cfg_obj",
    "roleToParent": "api_def",
    "roleToChild": "cfg_obj_List",
    "deleteRule": "No Action",
    "updateRule": "No Action",
    "parentColumns": [
      "ident"
    ],
    "childColumns": [
      "source_api_ident"
    ]
  },
  {
    "parentEntity": "idb:api_def",
    "childEntity": "idb:cfg_obj",
    "roleToParent": "api_def_via_target_api_def_ident",
    "roleToChild": "cfg_obj_List_via_target_api_def_ident",
    "deleteRule": "No Action",
    "updateRule": "No Action",
    "parentColumns": [
      "ident"
    ],
    "childColumns": [
      "target_api_def_ident"
    ]
  },
  {
    "parentEntity": "idb:api_def",
    "childEntity": "idb:cfg_obj",
    "roleToParent": "api_def_via_target_api_ident",
    "roleToChild": "cfg_obj_List_via_target_api_ident",
    "deleteRule": "No Action",
    "updateRule": "No Action",
    "parentColumns": [
      "ident"
    ],
    "childColumns": [
      "target_api_ident"
    ]
  },
  {
    "parentEntity": "idb:api_def",
    "childEntity": "idb:reaction",
    "roleToParent": "api_def",
    "roleToChild": "reaction_List",
    "deleteRule": "No Action",
    "updateRule": "No Action",
    "parentColumns": [
      "ident"
    ],
    "childColumns": [
      "target_api_def_ident"
    ]
  },
  {
    "parentEntity": "idb:api_def",
    "childEntity": "idb:xref",
    "roleToParent": "api_def_via_api_def_ident",
    "roleToChild": "xref_List_via_api_def_ident",
    "deleteRule": "No Action",
    "updateRule": "No Action",
    "parentColumns": [
      "ident"
    ],
    "childColumns": [
      "api_def_ident"
    ]
  },
  {
    "parentEntity": "idb:api_def",
    "childEntity": "idb:xref",
    "roleToParent": "api_def",
    "roleToChild": "xref_List",
    "deleteRule": "No Action",
    "updateRule": "No Action",
    "parentColumns": [
      "ident"
    ],
    "childColumns": [
      "api_ident"
    ]
  },
  {
    "parentEntity": "idb:catalyst",
    "childEntity": "idb:catalyst_error",
    "roleToParent": "catalyst",
    "roleToChild": "catalyst_error_List",
    "deleteRule": "Cascade",
    "updateRule": "No Action",
    "parentColumns": [
      "ident"
    ],
    "childColumns": [
      "catalyst_ident"
    ]
  },
  {
    "parentEntity": "idb:catalyst",
    "childEntity": "idb:reaction",
    "roleToParent": "catalyst",
    "roleToChild": "reaction_List",
    "deleteRule": "Cascade",
    "updateRule": "No Action",
    "parentColumns": [
      "ident"
    ],
    "childColumns": [
      "catalyst_ident"
    ]
  },
  {
    "parentEntity": "idb:cfg_obj",
    "childEntity": "idb:cfg_obj_fld",
    "roleToParent": "cfg_obj",
    "roleToChild": "cfg_obj_fld_List",
    "deleteRule": "Cascade",
    "updateRule": "No Action",
    "parentColumns": [
      "ident"
    ],
    "childColumns": [
      "cfg_obj_ident"
    ]
  },
  {
    "parentEntity": "idb:cfg_obj",
    "childEntity": "idb:reaction",
    "roleToParent": "cfg_obj",
    "roleToChild": "reaction_List",
    "deleteRule": "No Action",
    "updateRule": "No Action",
    "parentColumns": [
      "ident"
    ],
    "childColumns": [
      "cfg_obj_ident"
    ]
  },
  {
    "parentEntity": "idb:cfg_obj_fld",
    "childEntity": "idb:cfg_obj_fld_map",
    "roleToParent": "cfg_obj_fld",
    "roleToChild": "cfg_obj_fld_map_List",
    "deleteRule": "Cascade",
    "updateRule": "No Action",
    "parentColumns": [
      "ident"
    ],
    "childColumns": [
      "cfg_obj_fld_ident"
    ]
  },
  {
    "parentEntity": "idb:jira_field_def",
    "childEntity": "idb:jira_field",
    "roleToParent": "jira_field_def",
    "roleToChild": "jira_field_List",
    "deleteRule": "No Action",
    "updateRule": "No Action",
    "parentColumns": [
      "ident"
    ],
    "childColumns": [
      "field_ident"
    ]
  },
  {
    "parentEntity": "idb:jira_field_def",
    "childEntity": "idb:jira_link",
    "roleToParent": "jira_field_def",
    "roleToChild": "jira_link_List",
    "deleteRule": "No Action",
    "updateRule": "Cascade",
    "parentColumns": [
      "ident"
    ],
    "childColumns": [
      "field_ident"
    ]
  },
  {
    "parentEntity": "idb:jira_field_def",
    "childEntity": "idb:jira_sync_cfg_fld",
    "roleToParent": "jira_field_def",
    "roleToChild": "jira_sync_cfg_fld_List",
    "deleteRule": "Cascade",
    "updateRule": "No Action",
    "parentColumns": [
      "ident"
    ],
    "childColumns": [
      "jira_field_def_ident"
    ]
  },
  {
    "parentEntity": "idb:jira_object",
    "childEntity": "idb:jira_action",
    "roleToParent": "jira_object",
    "roleToChild": "jira_action_List",
    "deleteRule": "Cascade",
    "updateRule": "No Action",
    "parentColumns": [
      "ident"
    ],
    "childColumns": [
      "jira_object_ident"
    ]
  },
  {
    "parentEntity": "idb:jira_object",
    "childEntity": "idb:jira_field",
    "roleToParent": "jira_object",
    "roleToChild": "jira_field_List",
    "deleteRule": "Cascade",
    "updateRule": "No Action",
    "parentColumns": [
      "ident"
    ],
    "childColumns": [
      "jira_object_ident"
    ]
  },
  {
    "parentEntity": "idb:jira_object",
    "childEntity": "idb:jira_link",
    "roleToParent": "jira_object",
    "roleToChild": "jira_link_List",
    "deleteRule": "Cascade",
    "updateRule": "Cascade",
    "parentColumns": [
      "ident"
    ],
    "childColumns": [
      "inward_ident"
    ]
  },
  {
    "parentEntity": "idb:jira_object",
    "childEntity": "idb:jira_link",
    "roleToParent": "jira_object_via_outward_ident",
    "roleToChild": "jira_link_List_via_outward_ident",
    "deleteRule": "Cascade",
    "updateRule": "Cascade",
    "parentColumns": [
      "ident"
    ],
    "childColumns": [
      "outward_ident"
    ]
  },
  {
    "parentEntity": "idb:jira_object",
    "childEntity": "idb:jira_webhook",
    "roleToParent": "jira_object",
    "roleToChild": "jira_webhook_List",
    "deleteRule": "Cascade",
    "updateRule": "No Action",
    "parentColumns": [
      "ident"
    ],
    "childColumns": [
      "jira_object_ident"
    ]
  },
  {
    "parentEntity": "idb:jira_sync_cfg",
    "childEntity": "idb:jira_sync_cfg_fld",
    "roleToParent": "jira_sync_cfg",
    "roleToChild": "jira_sync_cfg_fld_List",
    "deleteRule": "Cascade",
    "updateRule": "No Action",
    "parentColumns": [
      "ident"
    ],
    "childColumns": [
      "jira_sync_cfg_ident"
    ]
  },
  {
    "parentEntity": "idb:jira_sync_cfg",
    "childEntity": "idb:jira_sync_cfg_status",
    "roleToParent": "jira_sync_cfg",
    "roleToChild": "jira_sync_cfg_status_List",
    "deleteRule": "Cascade",
    "updateRule": "No Action",
    "parentColumns": [
      "ident"
    ],
    "childColumns": [
      "jira_sync_cfg_ident"
    ]
  },
  {
    "parentEntity": "idb:jira_system",
    "childEntity": "idb:jira_field_def",
    "roleToParent": "jira_system",
    "roleToChild": "jira_field_def_List",
    "deleteRule": "No Action",
    "updateRule": "No Action",
    "parentColumns": [
      "ident"
    ],
    "childColumns": [
      "system_ident"
    ]
  },
  {
    "parentEntity": "idb:jira_system",
    "childEntity": "idb:jira_link_def",
    "roleToParent": "jira_system",
    "roleToChild": "jira_link_def_List",
    "deleteRule": "No Action",
    "updateRule": "Cascade",
    "parentColumns": [
      "ident"
    ],
    "childColumns": [
      "system_ident"
    ]
  },
  {
    "parentEntity": "idb:jira_system",
    "childEntity": "idb:jira_object",
    "roleToParent": "jira_system",
    "roleToChild": "jira_object_List",
    "deleteRule": "No Action",
    "updateRule": "No Action",
    "parentColumns": [
      "ident"
    ],
    "childColumns": [
      "system_ident"
    ]
  },
  {
    "parentEntity": "idb:jira_system",
    "childEntity": "idb:jira_sync_cfg",
    "roleToParent": "jira_system",
    "roleToChild": "jira_sync_cfg_List",
    "deleteRule": "No Action",
    "updateRule": "No Action",
    "parentColumns": [
      "ident"
    ],
    "childColumns": [
      "system_ident"
    ]
  },
  {
    "parentEntity": "idb:jira_webhook_status_def",
    "childEntity": "idb:jira_webhook",
    "roleToParent": "jira_webhook_status_def",
    "roleToChild": "jira_webhook_List",
    "deleteRule": "No Action",
    "updateRule": "Cascade",
    "parentColumns": [
      "status_id"
    ],
    "childColumns": [
      "status_id"
    ]
  },
  {
    "parentEntity": "idb:status_message",
    "childEntity": "idb:reaction",
    "roleToParent": "status_message",
    "roleToChild": "reaction_List",
    "deleteRule": "No Action",
    "updateRule": "No Action",
    "parentColumns": [
      "ident"
    ],
    "childColumns": [
      "status_message_ident"
    ]
  },
  {
    "parentEntity": "idb:tmp_field_def",
    "childEntity": "idb:tmp_field",
    "roleToParent": "tmp_field_def",
    "roleToChild": "tmp_field_List",
    "deleteRule": "No Action",
    "updateRule": "No Action",
    "parentColumns": [
      "ident"
    ],
    "childColumns": [
      "field_ident"
    ]
  },
  {
    "parentEntity": "idb:tmp_object",
    "childEntity": "idb:tmp_action",
    "roleToParent": "tmp_object",
    "roleToChild": "tmp_action_List",
    "deleteRule": "Cascade",
    "updateRule": "No Action",
    "parentColumns": [
      "ident"
    ],
    "childColumns": [
      "object_ident"
    ]
  },
  {
    "parentEntity": "idb:tmp_object",
    "childEntity": "idb:tmp_field",
    "roleToParent": "tmp_object",
    "roleToChild": "tmp_field_List",
    "deleteRule": "Cascade",
    "updateRule": "No Action",
    "parentColumns": [
      "ident"
    ],
    "childColumns": [
      "object_ident"
    ]
  },
  {
    "parentEntity": "idb:tmp_system",
    "childEntity": "idb:tmp_field_def",
    "roleToParent": "tmp_system",
    "roleToChild": "tmp_field_def_List",
    "deleteRule": "No Action",
    "updateRule": "No Action",
    "parentColumns": [
      "ident"
    ],
    "childColumns": [
      "system_ident"
    ]
  },
  {
    "parentEntity": "idb:tmp_system",
    "childEntity": "idb:tmp_object",
    "roleToParent": "tmp_system",
    "roleToChild": "tmp_object_List",
    "deleteRule": "No Action",
    "updateRule": "No Action",
    "parentColumns": [
      "ident"
    ],
    "childColumns": [
      "system_ident"
    ]
  }
]
