{
  "name": "getApiConfig",
  "isActive": true,
  "comments": "Given an apiIdent (Required), this function returns the base Url and authentication headers for the requested apiIdent.  This function is used from the following when connecting to other APIs:\n1.  From the cfg_obj and cfg_obj_field rules to validate objects and fields \n2.  From the sync Resource to call the findCatalyst function\n3.  From the Process Reaction Rule to post reactions to APIs",
  "returnType": "{\n   baseUrl: <http://myserver/myurlfragment>,\n   authHeaders: {\n         headers: { <some Live API Creator authorization information> }\n   }\n}",
  "extendedProperties": null,
  "parameters": {
    "apiIdent": {
      "parameterType": "number",
      "isRequired": false,
      "comments": "Enter description here"
    }
  },
  "functionType": "apiLevel"
}
