{
  "name": "linkData",
  "description": null,
  "siblingRank": 100,
  "resourceType": "TableBased",
  "prefix": "mys",
  "entity": "ac_object",
  "isCollection": true,
  "isCombined": false,
  "filter": null,
  "order": null,
  "useSchemaAttributes": false,
  "attributes": [
    {
      "name": "object_key",
      "attribute": "object_key",
      "description": null,
      "isKey": false
    },
    {
      "name": "xref_id",
      "attribute": "xref_id",
      "description": null,
      "isKey": false
    },
    {
      "name": "object_uuid",
      "attribute": "object_uuid",
      "description": null,
      "isKey": false
    },
    {
      "name": "object_type",
      "attribute": "object_type",
      "description": null,
      "isKey": false
    }
  ]
}
