{
  "name": "reaction",
  "description": null,
  "siblingRank": 100,
  "resourceType": "TableBased",
  "prefix": "mys",
  "entity": "reaction",
  "join": "\"ident\" = [\"reaction_ident\"]",
  "isCollection": false,
  "isCombined": true,
  "filter": null,
  "order": null,
  "useSchemaAttributes": false,
  "attributes": [
    {
      "name": "xref_id",
      "attribute": "xref_id",
      "description": null,
      "isKey": false
    },
    {
      "name": "target_data",
      "attribute": "target_data",
      "description": null,
      "isKey": false
    },
    {
      "name": "target_object_type",
      "attribute": "target_object_type",
      "description": null,
      "isKey": false
    },
    {
      "name": "target_object_id",
      "attribute": "target_object_id",
      "description": null,
      "isKey": false
    },
    {
      "name": "target_system_ident",
      "attribute": "target_system_ident",
      "description": null,
      "isKey": false
    },
    {
      "name": "target_api_def_ident",
      "attribute": "target_api_def_ident",
      "description": null,
      "isKey": false
    },
    {
      "name": "cfg_obj_ident",
      "attribute": "cfg_obj_ident",
      "description": null,
      "isKey": false
    },
    {
      "name": "status",
      "attribute": "status",
      "description": null,
      "isKey": false
    }
  ]
}
