{
  "name": "webhook",
  "description": null,
  "siblingRank": 100,
  "resourceType": "TableBased",
  "prefix": "idb",
  "entity": "jira_webhook",
  "isCollection": true,
  "isCombined": false,
  "filter": null,
  "order": null,
  "useSchemaAttributes": false,
  "attributes": [
    {
      "name": "ident",
      "attribute": "ident",
      "description": null,
      "isKey": false
    },
    {
      "name": "caller",
      "attribute": "caller",
      "description": null,
      "isKey": false
    },
    {
      "name": "payload",
      "attribute": "payload",
      "description": null,
      "isKey": false
    },
    {
      "name": "received",
      "attribute": "received",
      "description": null,
      "isKey": false
    },
    {
      "name": "status_message",
      "attribute": "status_message",
      "description": null,
      "isKey": false
    },
    {
      "name": "status_id",
      "attribute": "status_id",
      "description": null,
      "isKey": false
    },
    {
      "name": "jira_object_ident",
      "attribute": "jira_object_ident",
      "description": null,
      "isKey": false
    },
    {
      "name": "jira_system_ident",
      "attribute": "jira_system_ident",
      "description": null,
      "isKey": false
    },
    {
      "name": "processed",
      "attribute": "processed",
      "description": null,
      "isKey": false
    },
    {
      "name": "node_ip",
      "attribute": "node_ip",
      "description": null,
      "isKey": false
    }
  ]
}
