{
  "name": "Integration",
  "prefix": "idb",
  "title": "Derby/JavaDB",
  "databaseType": "DERBY",
  "comments": null,
  "isActive": true,
  "isLogErrors": false,
  "isSchemaEditable": true,
  "isSupportBoolean": false,
  "isReadOnly": false,
  "useJNDIDataSource": false,
  "url": "jdbc:derby:Integration",
  "catalog": null,
  "schema": null,
  "username": "root",
  "maximumConnections": 20,
  "tableExcludes": null,
  "tableIncludes": null,
  "procedureExcludes": null,
  "procedureIncludes": null,
  "nonPersistentAttributes": {
  },
  "tableInfos": {
  },
  "viewInfos": {
  },
  "procedureInfos": {
  }
}
