{
  "name": "fieldDef",
  "description": null,
  "siblingRank": 100,
  "resourceType": "TableBased",
  "prefix": "idb",
  "entity": "jira_field_def",
  "join": "\"ident\" = [\"jira_field_def_ident\"]",
  "isCollection": false,
  "isCombined": false,
  "filter": null,
  "order": null,
  "useSchemaAttributes": false,
  "attributes": [
    {
      "name": "name",
      "attribute": "name",
      "description": null,
      "isKey": false
    },
    {
      "name": "id",
      "attribute": "id",
      "description": null,
      "isKey": false
    },
    {
      "name": "schema_type",
      "attribute": "schema_type",
      "description": null,
      "isKey": false
    },
    {
      "name": "user_attribute",
      "attribute": "user_attribute",
      "description": null,
      "isKey": false
    },
    {
      "name": "system_attribute",
      "attribute": "system_attribute",
      "description": null,
      "isKey": false
    },
    {
      "name": "inward",
      "attribute": "inward",
      "description": null,
      "isKey": false
    },
    {
      "name": "outward",
      "attribute": "outward",
      "description": null,
      "isKey": false
    },
    {
      "name": "link_type_id",
      "attribute": "link_type_id",
      "description": null,
      "isKey": false
    }
  ]
}
