{
  "name": "fieldDef",
  "description": null,
  "siblingRank": 100,
  "resourceType": "TableBased",
  "prefix": "mys",
  "entity": "ac_field_def",
  "join": "\"ident\" = [\"field_ident\"]",
  "isCollection": false,
  "isCombined": false,
  "filter": null,
  "order": null,
  "useSchemaAttributes": false,
  "attributes": [
    {
      "name": "name",
      "attribute": "name",
      "description": null,
      "isKey": false
    },
    {
      "name": "id",
      "attribute": "id",
      "description": null,
      "isKey": true
    },
    {
      "name": "object_type",
      "attribute": "object_type",
      "description": null,
      "isKey": true
    },
    {
      "name": "system_ident",
      "attribute": "system_ident",
      "description": null,
      "isKey": true
    },
    {
      "name": "user_attribute",
      "attribute": "user_attribute",
      "description": null,
      "isKey": false
    },
    {
      "name": "system_attribute",
      "attribute": "system_attribute",
      "description": null,
      "isKey": false
    },
    {
      "name": "attribute_type",
      "attribute": "attribute_type",
      "description": null,
      "isKey": false
    }
  ]
}
