[
  {
    "parentEntity": "ac:ac_field_def",
    "childEntity": "ac:ac_field",
    "roleToParent": "ac_field_def",
    "roleToChild": "ac_field_List",
    "deleteRule": "No Action",
    "updateRule": "No Action",
    "parentColumns": [
      "ident"
    ],
    "childColumns": [
      "field_ident"
    ]
  },
  {
    "parentEntity": "ac:ac_system",
    "childEntity": "ac:ac_field_def",
    "roleToParent": "ac_system",
    "roleToChild": "ac_field_def_List",
    "deleteRule": "No Action",
    "updateRule": "No Action",
    "parentColumns": [
      "ident"
    ],
    "childColumns": [
      "system_ident"
    ]
  },
  {
    "parentEntity": "ac:api_def",
    "childEntity": "ac:cfg_obj",
    "roleToParent": "api_def",
    "roleToChild": "cfg_obj_List",
    "deleteRule": "No Action",
    "updateRule": "No Action",
    "parentColumns": [
      "ident"
    ],
    "childColumns": [
      "source_api_ident"
    ]
  },
  {
    "parentEntity": "ac:api_def",
    "childEntity": "ac:cfg_obj",
    "roleToParent": "api_def_via_target_api_ident",
    "roleToChild": "cfg_obj_List_via_target_api_ident",
    "deleteRule": "No Action",
    "updateRule": "No Action",
    "parentColumns": [
      "ident"
    ],
    "childColumns": [
      "target_api_ident"
    ]
  },
  {
    "parentEntity": "ac:api_def",
    "childEntity": "ac:xref",
    "roleToParent": "api_def",
    "roleToChild": "xref_List",
    "deleteRule": "No Action",
    "updateRule": "No Action",
    "parentColumns": [
      "ident"
    ],
    "childColumns": [
      "api_ident"
    ]
  },
  {
    "parentEntity": "ac:cfg_obj",
    "childEntity": "ac:cfg_obj_fld",
    "roleToParent": "cfg_obj",
    "roleToChild": "cfg_obj_fld_List",
    "deleteRule": "Cascade",
    "updateRule": "No Action",
    "parentColumns": [
      "ident"
    ],
    "childColumns": [
      "cfg_obj_ident"
    ]
  },
  {
    "parentEntity": "ac:cfg_obj_fld",
    "childEntity": "ac:cfg_obj_fld_map",
    "roleToParent": "cfg_obj_fld",
    "roleToChild": "cfg_obj_fld_map_List",
    "deleteRule": "Cascade",
    "updateRule": "No Action",
    "parentColumns": [
      "ident"
    ],
    "childColumns": [
      "cfg_obj_fld_ident"
    ]
  },
  {
    "parentEntity": "ac:xref",
    "childEntity": "ac:ac_field",
    "roleToParent": "xref",
    "roleToChild": "ac_field_List",
    "deleteRule": "Cascade",
    "updateRule": "No Action",
    "parentColumns": [
      "ident"
    ],
    "childColumns": [
      "xref_ident"
    ]
  },
  {
    "parentEntity": "int:ac_field_def",
    "childEntity": "int:ac_field",
    "roleToParent": "ac_field_def",
    "roleToChild": "ac_field_List",
    "deleteRule": "No Action",
    "updateRule": "No Action",
    "parentColumns": [
      "ident"
    ],
    "childColumns": [
      "field_ident"
    ]
  },
  {
    "parentEntity": "int:ac_field_def",
    "childEntity": "int:jira_field",
    "roleToParent": "ac_field_def",
    "roleToChild": "jira_field_List",
    "deleteRule": "No Action",
    "updateRule": "No Action",
    "parentColumns": [
      "ident"
    ],
    "childColumns": [
      "field_ident"
    ]
  },
  {
    "parentEntity": "int:ac_system",
    "childEntity": "int:ac_field_def",
    "roleToParent": "ac_system",
    "roleToChild": "ac_field_def_List",
    "deleteRule": "No Action",
    "updateRule": "No Action",
    "parentColumns": [
      "ident"
    ],
    "childColumns": [
      "system_ident"
    ]
  },
  {
    "parentEntity": "int:api_def",
    "childEntity": "int:cfg_obj",
    "roleToParent": "api_def",
    "roleToChild": "cfg_obj_List",
    "deleteRule": "No Action",
    "updateRule": "No Action",
    "parentColumns": [
      "ident"
    ],
    "childColumns": [
      "source_api_ident"
    ]
  },
  {
    "parentEntity": "int:api_def",
    "childEntity": "int:cfg_obj",
    "roleToParent": "api_def_via_target_api_ident",
    "roleToChild": "cfg_obj_List_via_target_api_ident",
    "deleteRule": "No Action",
    "updateRule": "No Action",
    "parentColumns": [
      "ident"
    ],
    "childColumns": [
      "target_api_ident"
    ]
  },
  {
    "parentEntity": "int:catalyst",
    "childEntity": "int:reaction",
    "roleToParent": "catalyst",
    "roleToChild": "reaction_List",
    "deleteRule": "Cascade",
    "updateRule": "No Action",
    "parentColumns": [
      "ident"
    ],
    "childColumns": [
      "catalyst_ident"
    ]
  },
  {
    "parentEntity": "int:cfg_obj",
    "childEntity": "int:cfg_obj_fld",
    "roleToParent": "cfg_obj",
    "roleToChild": "cfg_obj_fld_List",
    "deleteRule": "Cascade",
    "updateRule": "No Action",
    "parentColumns": [
      "ident"
    ],
    "childColumns": [
      "cfg_obj_ident"
    ]
  },
  {
    "parentEntity": "int:cfg_obj",
    "childEntity": "int:reaction",
    "roleToParent": "cfg_obj",
    "roleToChild": "reaction_List",
    "deleteRule": "No Action",
    "updateRule": "No Action",
    "parentColumns": [
      "ident"
    ],
    "childColumns": [
      "cfg_obj_ident"
    ]
  },
  {
    "parentEntity": "int:cfg_obj_fld",
    "childEntity": "int:cfg_obj_fld_map",
    "roleToParent": "cfg_obj_fld",
    "roleToChild": "cfg_obj_fld_map_List",
    "deleteRule": "Cascade",
    "updateRule": "No Action",
    "parentColumns": [
      "ident"
    ],
    "childColumns": [
      "cfg_obj_fld_ident"
    ]
  },
  {
    "parentEntity": "int:jira_system",
    "childEntity": "int:jira_field_def",
    "roleToParent": "jira_system",
    "roleToChild": "jira_field_def_List",
    "deleteRule": "No Action",
    "updateRule": "No Action",
    "parentColumns": [
      "ident"
    ],
    "childColumns": [
      "system_ident"
    ]
  },
  {
    "parentEntity": "int:status_message",
    "childEntity": "int:reaction",
    "roleToParent": "status_message",
    "roleToChild": "reaction_List",
    "deleteRule": "No Action",
    "updateRule": "No Action",
    "parentColumns": [
      "ident"
    ],
    "childColumns": [
      "status_message_ident"
    ]
  },
  {
    "parentEntity": "int:xref",
    "childEntity": "int:ac_field",
    "roleToParent": "xref",
    "roleToChild": "ac_field_List",
    "deleteRule": "Cascade",
    "updateRule": "No Action",
    "parentColumns": [
      "ident"
    ],
    "childColumns": [
      "xref_ident"
    ]
  },
  {
    "parentEntity": "int:xref",
    "childEntity": "int:jira_field",
    "roleToParent": "xref",
    "roleToChild": "jira_field_List",
    "deleteRule": "Cascade",
    "updateRule": "No Action",
    "parentColumns": [
      "ident"
    ],
    "childColumns": [
      "xref_ident"
    ]
  },
  {
    "parentEntity": "int:xref",
    "childEntity": "int:xref",
    "roleToParent": "xref_via_api_ident",
    "roleToChild": "xref_List_via_api_ident",
    "deleteRule": "No Action",
    "updateRule": "No Action",
    "parentColumns": [
      "ident"
    ],
    "childColumns": [
      "api_ident"
    ]
  },
  {
    "parentEntity": "mys:ac_field_def",
    "childEntity": "mys:ac_collection",
    "roleToParent": "ac_field_def",
    "roleToChild": "collections",
    "deleteRule": "No Action",
    "updateRule": "No Action",
    "parentColumns": [
      "ident"
    ],
    "childColumns": [
      "field_ident"
    ]
  },
  {
    "parentEntity": "mys:ac_field_def",
    "childEntity": "mys:ac_field",
    "roleToParent": "ac_field_def",
    "roleToChild": "ac_field_List",
    "deleteRule": "No Action",
    "updateRule": "No Action",
    "parentColumns": [
      "ident"
    ],
    "childColumns": [
      "field_ident"
    ]
  },
  {
    "parentEntity": "mys:ac_field_def",
    "childEntity": "mys:ac_sync_cfg_fld",
    "roleToParent": "ac_field_def",
    "roleToChild": "ac_sync_cfg_fld_List",
    "deleteRule": "No Action",
    "updateRule": "No Action",
    "parentColumns": [
      "ident"
    ],
    "childColumns": [
      "ac_field_def_ident"
    ]
  },
  {
    "parentEntity": "mys:ac_field_def_1",
    "childEntity": "mys:ac_field",
    "roleToParent": "ac_field_def_1",
    "roleToChild": "ac_field_List",
    "deleteRule": "No Action",
    "updateRule": "No Action",
    "parentColumns": [
      "ident"
    ],
    "childColumns": [
      "field_ident"
    ]
  },
  {
    "parentEntity": "mys:ac_object",
    "childEntity": "mys:ac_action",
    "roleToParent": "ac_object",
    "roleToChild": "actions",
    "deleteRule": "Cascade",
    "updateRule": "No Action",
    "parentColumns": [
      "ident"
    ],
    "childColumns": [
      "ac_object_ident"
    ]
  },
  {
    "parentEntity": "mys:ac_object",
    "childEntity": "mys:ac_collection",
    "roleToParent": "ac_object",
    "roleToChild": "collections",
    "deleteRule": "Cascade",
    "updateRule": "No Action",
    "parentColumns": [
      "ident"
    ],
    "childColumns": [
      "ac_object_ident"
    ]
  },
  {
    "parentEntity": "mys:ac_object",
    "childEntity": "mys:ac_field",
    "roleToParent": "ac_object",
    "roleToChild": "fields",
    "deleteRule": "Cascade",
    "updateRule": "No Action",
    "parentColumns": [
      "ident"
    ],
    "childColumns": [
      "ac_object_ident"
    ]
  },
  {
    "parentEntity": "mys:ac_object",
    "childEntity": "mys:ac_webhook",
    "roleToParent": "ac_object",
    "roleToChild": "ac_webhook_List",
    "deleteRule": "Cascade",
    "updateRule": "No Action",
    "parentColumns": [
      "ident"
    ],
    "childColumns": [
      "ac_object_ident"
    ]
  },
  {
    "parentEntity": "mys:ac_sync_cfg",
    "childEntity": "mys:ac_sync_cfg_fld",
    "roleToParent": "ac_sync_cfg",
    "roleToChild": "ac_sync_cfg_fld_List",
    "deleteRule": "Cascade",
    "updateRule": "No Action",
    "parentColumns": [
      "ident"
    ],
    "childColumns": [
      "ac_sync_cfg_ident"
    ]
  },
  {
    "parentEntity": "mys:ac_sync_cfg",
    "childEntity": "mys:ac_sync_cfg_status",
    "roleToParent": "ac_sync_cfg",
    "roleToChild": "ac_sync_cfg_status_List",
    "deleteRule": "Cascade",
    "updateRule": "No Action",
    "parentColumns": [
      "ident"
    ],
    "childColumns": [
      "ac_sync_cfg_ident"
    ]
  },
  {
    "parentEntity": "mys:ac_system",
    "childEntity": "mys:ac_field_Def",
    "roleToParent": "ac_system",
    "roleToChild": "ac_field_Def_List",
    "deleteRule": "No Action",
    "updateRule": "No Action",
    "parentColumns": [
      "ident"
    ],
    "childColumns": [
      "system_ident"
    ]
  },
  {
    "parentEntity": "mys:ac_system",
    "childEntity": "mys:ac_field_def",
    "roleToParent": "ac_system",
    "roleToChild": "ac_field_def_List",
    "deleteRule": "No Action",
    "updateRule": "No Action",
    "parentColumns": [
      "ident"
    ],
    "childColumns": [
      "system_ident"
    ]
  },
  {
    "parentEntity": "mys:ac_system",
    "childEntity": "mys:ac_field_def_1",
    "roleToParent": "ac_system",
    "roleToChild": "ac_field_def_1_List",
    "deleteRule": "No Action",
    "updateRule": "No Action",
    "parentColumns": [
      "ident"
    ],
    "childColumns": [
      "system_ident"
    ]
  },
  {
    "parentEntity": "mys:ac_system",
    "childEntity": "mys:ac_object",
    "roleToParent": "ac_system",
    "roleToChild": "ac_object_List",
    "deleteRule": "No Action",
    "updateRule": "No Action",
    "parentColumns": [
      "ident"
    ],
    "childColumns": [
      "system_ident"
    ]
  },
  {
    "parentEntity": "mys:ac_system",
    "childEntity": "mys:ac_sync_cfg",
    "roleToParent": "ac_system",
    "roleToChild": "ac_sync_cfg_List",
    "deleteRule": "No Action",
    "updateRule": "No Action",
    "parentColumns": [
      "ident"
    ],
    "childColumns": [
      "system_ident"
    ]
  },
  {
    "parentEntity": "mys:api_def",
    "childEntity": "mys:cfg_obj",
    "roleToParent": "api_def",
    "roleToChild": "cfg_obj_List",
    "deleteRule": "No Action",
    "updateRule": "No Action",
    "parentColumns": [
      "ident"
    ],
    "childColumns": [
      "source_api_ident"
    ]
  },
  {
    "parentEntity": "mys:api_def",
    "childEntity": "mys:cfg_obj",
    "roleToParent": "api_def_via_target_api_ident",
    "roleToChild": "cfg_obj_List_via_target_api_ident",
    "deleteRule": "No Action",
    "updateRule": "No Action",
    "parentColumns": [
      "ident"
    ],
    "childColumns": [
      "target_api_ident"
    ]
  },
  {
    "parentEntity": "mys:api_def",
    "childEntity": "mys:xref",
    "roleToParent": "api_def",
    "roleToChild": "xref_List",
    "deleteRule": "No Action",
    "updateRule": "No Action",
    "parentColumns": [
      "ident"
    ],
    "childColumns": [
      "api_ident"
    ]
  },
  {
    "parentEntity": "mys:cfg_obj",
    "childEntity": "mys:cfg_obj_fld",
    "roleToParent": "cfg_obj",
    "roleToChild": "cfg_obj_fld_List",
    "deleteRule": "Cascade",
    "updateRule": "No Action",
    "parentColumns": [
      "ident"
    ],
    "childColumns": [
      "cfg_obj_ident"
    ]
  },
  {
    "parentEntity": "mys:cfg_obj_fld",
    "childEntity": "mys:cfg_obj_fld_map",
    "roleToParent": "cfg_obj_fld",
    "roleToChild": "cfg_obj_fld_map_List",
    "deleteRule": "Cascade",
    "updateRule": "No Action",
    "parentColumns": [
      "ident"
    ],
    "childColumns": [
      "cfg_obj_fld_ident"
    ]
  }
]
