{
  "name": "buildTransformPayloadToObjectSpec",
  "isActive": true,
  "comments": "This is a skeleton function, you should most likely:\n1 - Give it a proper name (the default is a randomly generated 5-letter name)\n2 - Give it a proper comment\n3 - Change the code to do something useful",
  "returnType": "{\n      \"*\": {\n        \"id\": \"[&1].object_id\",\n        \"key\": \"[&1].object_key\",\n        \"fields\": {\n          \"updated\": [\n            \"[&2].last_updated\",\n            \"[&2].fields[0].last_updated\",\n            \"[&2].fields[1].last_updated\",\n            \"[&2].fields[2].last_updated\",\n            \"[&2].fields[3].last_updated\",\n            \"[&2].fields[4].last_updated\",\n            \"[&2].fields[5].last_updated\"\n          ],\n          \"summary\": {\n            \"@(1,summary)\": [\n              \"[&3].fields[0].user_value\",\n              \"[&3].fields[0].system_value\"\n            ],\n            \"#10\": \"[&3].fields[0].field_ident\"\n          },\n          \"project\": {\n            \"key\": \"[&3].fields[1].user_value\",\n            \"id\": \"[&3].fields[1].system_value\",\n            \"#11\": \"[&3].fields[1].field_ident\"\n          },\n          \"issuelinks\": {\n            \"*\": {\n              \"inwardIssue\": {\n                \"key\": \"[&5].links[&2].inward\",\n                \"@(1,type.inward)\": \"[&5].links[&2].fieldDef.inward\",\n                \"#1\": \"[&5].links[&2].fieldDef.system_ident\",\n                \"#Story\": \"[&5].links[&2].fieldDef.object_type\",\n                \"@(4,key)\": \"[&5].links[&2].outward\"\n              },\n              \"outwardIssue\": {\n                \"key\": \"[&5].links[&2].outward\",\n                \"@(1,type.outward)\": \"[&5].links[&2].fieldDef.outward\",\n                \"#1\": \"[&5].links[&2].fieldDef.system_ident\",\n                \"#Story\": \"[&5].links[&2].fieldDef.object_type\",\n                \"@(4,key)\": \"[&5].links[&2].inward\"\n              }\n            }\n          }\n        },\n        \"#Story\": \"[&1].object_type\",\n        \"#1\": \"[&1].system_ident\"\n      }\n    }",
  "extendedProperties": null,
  "parameters": {
    "system": {
      "parameterType": "number",
      "isRequired": true,
      "comments": "Enter description here"
    },
    "object_type": {
      "parameterType": "string",
      "isRequired": true,
      "comments": "Enter description here"
    }
  },
  "functionType": "apiLevel"
}
