{
  "name": "fields",
  "description": null,
  "siblingRank": 100,
  "resourceType": "TableBased",
  "prefix": "mys",
  "entity": "ac_field",
  "join": "\"ac_object_ident\" = [\"ident\"]",
  "isCollection": true,
  "isCombined": false,
  "filter": null,
  "order": null,
  "useSchemaAttributes": false,
  "attributes": [
    {
      "name": "user_value",
      "attribute": "user_value",
      "description": null,
      "isKey": false
    },
    {
      "name": "field_ident",
      "attribute": "field_ident",
      "description": null,
      "isKey": true
    },
    {
      "name": "ac_object_ident",
      "attribute": "ac_object_ident",
      "description": null,
      "isKey": true
    },
    {
      "name": "last_updated",
      "attribute": "last_updated",
      "description": null,
      "isKey": false
    }
  ]
}
