{
  "name": "system",
  "description": null,
  "siblingRank": 100,
  "resourceType": "TableBased",
  "prefix": "mys",
  "entity": "ac_system",
  "join": "\"ident\" = [\"system_ident\"]",
  "isCollection": false,
  "isCombined": true,
  "filter": null,
  "order": null,
  "useSchemaAttributes": false,
  "attributes": [
    {
      "name": "project",
      "attribute": "project",
      "description": null,
      "isKey": false
    },
    {
      "name": "project_scope_down",
      "attribute": "project_scope_down",
      "description": null,
      "isKey": false
    },
    {
      "name": "apiKey",
      "attribute": "apiKey",
      "description": null,
      "isKey": false
    },
    {
      "name": "url",
      "attribute": "url",
      "description": null,
      "isKey": false
    },
    {
      "name": "workspace",
      "attribute": "workspace",
      "description": null,
      "isKey": false
    },
    {
      "name": "username",
      "attribute": "username",
      "description": null,
      "isKey": false
    },
    {
      "name": "pw",
      "attribute": "pw",
      "description": null,
      "isKey": false
    }
  ]
}
