{
  "name": "xref_catalyst",
  "description": "[private] Used to look for the xref record for a new catalyst.  \nThis is called from the New Catalyst Event Rule.",
  "siblingRank": 100,
  "resourceType": "TableBased",
  "prefix": "mys",
  "entity": "xref",
  "isCollection": true,
  "isCombined": false,
  "filter": null,
  "order": null,
  "useSchemaAttributes": false,
  "attributes": [
    {
      "name": "object_id",
      "attribute": "object_id",
      "description": null,
      "isKey": false
    },
    {
      "name": "object_type",
      "attribute": "object_type",
      "description": null,
      "isKey": true
    },
    {
      "name": "api_def_ident",
      "attribute": "api_def_ident",
      "description": null,
      "isKey": true
    },
    {
      "name": "system_ident",
      "attribute": "system_ident",
      "description": null,
      "isKey": true
    },
    {
      "name": "xref_id",
      "attribute": "xref_id",
      "description": null,
      "isKey": true
    }
  ]
}
