{
  "name": "eventEarly_wikiFromHtml",
  "entity": "jira_field",
  "isActive": true,
  "ruleType": "earlyEvent",
  "asynchronous": false,
  "appliesTo": {
    "insert": true,
    "update": true,
    "delete": false
  },
  "codeType": "JavaScript",
  "isAutoTitle": false,
  "title": "Event (Early): Set system_value to wiki text for HTML",
  "comments": "We save as wiki in system_value because that's what jira likes and html in user_value because that's what we like.\n\nThis rule is fired when sending to Jira AND the field def's schema type is \"wiki\"",
  "topics": [
  ]
}
