{
  "name": "outwardObject",
  "description": null,
  "siblingRank": 100,
  "resourceType": "TableBased",
  "prefix": "idb",
  "entity": "jira_object",
  "join": "\"ident\" = [\"outward_ident\"]",
  "isCollection": false,
  "isCombined": false,
  "filter": null,
  "order": null,
  "useSchemaAttributes": false,
  "attributes": [
    {
      "name": "object_key",
      "attribute": "object_key",
      "description": null,
      "isKey": true
    },
    {
      "name": "system_ident",
      "attribute": "system_ident",
      "description": null,
      "isKey": true
    }
  ]
}
