{
  "name": "acAction",
  "description": null,
  "siblingRank": 100,
  "resourceType": "TableBased",
  "prefix": "mys",
  "entity": "ac_action",
  "isCollection": true,
  "isCombined": false,
  "filter": null,
  "order": null,
  "useSchemaAttributes": false,
  "attributes": [
    {
      "name": "xref_ident",
      "attribute": "xref_ident",
      "description": null,
      "isKey": true
    },
    {
      "name": "last_updated",
      "attribute": "last_updated",
      "description": null,
      "isKey": true
    },
    {
      "name": "status_message",
      "attribute": "status_message",
      "description": null,
      "isKey": false
    },
    {
      "name": "action",
      "attribute": "action",
      "description": null,
      "isKey": false
    },
    {
      "name": "ac_object_ident",
      "attribute": "ac_object_ident",
      "description": null,
      "isKey": true
    }
  ]
}
