{
  "name": "eventEarly_wwkgp",
  "entity": "ac_field",
  "isActive": true,
  "ruleType": "earlyEvent",
  "asynchronous": false,
  "appliesTo": {
    "insert": true,
    "update": true,
    "delete": false
  },
  "codeType": "JavaScript",
  "isAutoTitle": false,
  "title": "Event (Early): Set Reference from Reaction",
  "comments": "This will set the system value for both reference fields (e.g. Project, User, etc AND collection object fields (e.g. Predecessors, Successors)",
  "topics": [
  ]
}
