{
  "name": "jiraObject",
  "description": null,
  "siblingRank": 100,
  "resourceType": "TableBased",
  "prefix": "idb",
  "entity": "jira_object",
  "isCollection": true,
  "isCombined": false,
  "filter": "",
  "order": null,
  "useSchemaAttributes": false,
  "attributes": [
    {
      "name": "ident",
      "attribute": "ident",
      "description": null,
      "isKey": false
    },
    {
      "name": "object_id",
      "attribute": "object_id",
      "description": null,
      "isKey": true
    },
    {
      "name": "object_key",
      "attribute": "object_key",
      "description": null,
      "isKey": false
    },
    {
      "name": "object_type",
      "attribute": "object_type",
      "description": null,
      "isKey": true
    },
    {
      "name": "xref_id",
      "attribute": "xref_id",
      "description": null,
      "isKey": false
    },
    {
      "name": "system_ident",
      "attribute": "system_ident",
      "description": null,
      "isKey": true
    },
    {
      "name": "last_updated",
      "attribute": "last_updated",
      "description": null,
      "isKey": false
    }
  ]
}
